owner,repo,html_url,default_branch,source,selection_reason,sampled_at
fleetdm,fleet,https://github.com/fleetdm/fleet,main,github_search_api:go_active:p1,stratum: active Go OSS (stars>800),2026-06-23T05:29:24.092885+00:00
apecloud,kubeblocks,https://github.com/apecloud/kubeblocks,main,github_search_api:go_active:p3,stratum: active Go OSS (stars>800),2026-06-23T05:29:33.782040+00:00
googleapis,google-cloud-go,https://github.com/googleapis/google-cloud-go,main,github_search_api:go_active:p3,stratum: active Go OSS (stars>800),2026-06-23T05:29:33.782130+00:00
aws,amazon-vpc-cni-k8s,https://github.com/aws/amazon-vpc-cni-k8s,master,github_search_api:go_active:p1,stratum: active Go OSS (stars>800),2026-06-23T05:29:24.092790+00:00
flashcatcloud,categraf,https://github.com/flashcatcloud/categraf,main,github_search_api:go_active:p1,stratum: active Go OSS (stars>800),2026-06-23T05:29:24.092795+00:00
OpenListTeam,OpenList,https://github.com/OpenListTeam/OpenList,main,github_search_api:go_active:p2,stratum: active Go OSS (stars>800),2026-06-23T05:29:28.827469+00:00
NetApp,trident,https://github.com/NetApp/trident,master,github_search_api:go_active:p3,stratum: active Go OSS (stars>800),2026-06-23T05:29:33.782166+00:00
fluid-cloudnative,fluid,https://github.com/fluid-cloudnative/fluid,master,github_search_api:go_active:p2,stratum: active Go OSS (stars>800),2026-06-23T05:29:28.827503+00:00
moby,buildkit,https://github.com/moby/buildkit,master,github_search_api:go_active:p2,stratum: active Go OSS (stars>800),2026-06-23T05:29:28.827531+00:00
thomaspoignant,go-feature-flag,https://github.com/thomaspoignant/go-feature-flag,main,github_search_api:go_active:p2,stratum: active Go OSS (stars>800),2026-06-23T05:29:28.827595+00:00
Ullaakut,cameradar,https://github.com/Ullaakut/cameradar,master,github_search_api:go_active:p3,stratum: active Go OSS (stars>800),2026-06-23T05:29:33.782195+00:00
argoproj-labs,argocd-image-updater,https://github.com/argoproj-labs/argocd-image-updater,master,github_search_api:go_active:p2,stratum: active Go OSS (stars>800),2026-06-23T05:29:28.827629+00:00
kubevirt,kubevirt,https://github.com/kubevirt/kubevirt,main,github_search_api:go_active:p3,stratum: active Go OSS (stars>800),2026-06-23T05:29:33.781935+00:00
stripe,stripe-go,https://github.com/stripe/stripe-go,master,github_search_api:go_active:p3,stratum: active Go OSS (stars>800),2026-06-23T05:29:33.782163+00:00
akuity,kargo,https://github.com/akuity/kargo,main,github_search_api:go_active:p2,stratum: active Go OSS (stars>800),2026-06-23T05:29:28.827636+00:00
dolthub,dolt,https://github.com/dolthub/dolt,main,github_search_api:go_active:p3,stratum: active Go OSS (stars>800),2026-06-23T05:29:33.781967+00:00
dgraph-io,dgraph,https://github.com/dgraph-io/dgraph,main,github_search_api:go_active:p3,stratum: active Go OSS (stars>800),2026-06-23T05:29:33.782020+00:00
DanielLavrushin,b4,https://github.com/DanielLavrushin/b4,main,github_search_api:go_active:p3,stratum: active Go OSS (stars>800),2026-06-23T05:29:33.782043+00:00
hashicorp,terraform-provider-azurerm,https://github.com/hashicorp/terraform-provider-azurerm,main,github_search_api:go_active:p3,stratum: active Go OSS (stars>800),2026-06-23T05:29:33.782208+00:00
helm-unittest,helm-unittest,https://github.com/helm-unittest/helm-unittest,main,github_search_api:go_active:p3,stratum: active Go OSS (stars>800),2026-06-23T05:29:33.782137+00:00
vllm-project,aibrix,https://github.com/vllm-project/aibrix,main,github_search_api:go_active:p1,stratum: active Go OSS (stars>800),2026-06-23T05:29:24.092735+00:00
hookdeck,outpost,https://github.com/hookdeck/outpost,main,github_search_api:go_active:p1,stratum: active Go OSS (stars>800),2026-06-23T05:29:24.092761+00:00
gin-contrib,cors,https://github.com/gin-contrib/cors,master,github_search_api:go_active:p2,stratum: active Go OSS (stars>800),2026-06-23T05:29:28.827522+00:00
neilotoole,sq,https://github.com/neilotoole/sq,master,github_search_api:go_active:p1,stratum: active Go OSS (stars>800),2026-06-23T05:29:24.092720+00:00
google,adk-go,https://github.com/google/adk-go,main,github_search_api:go_active:p3,stratum: active Go OSS (stars>800),2026-06-23T05:29:33.782112+00:00
kubernetes-sigs,gateway-api,https://github.com/kubernetes-sigs/gateway-api,main,github_search_api:go_active:p2,stratum: active Go OSS (stars>800),2026-06-23T05:29:28.827621+00:00
oneclickvirt,ecs,https://github.com/oneclickvirt/ecs,master,github_search_api:go_active:p2,stratum: active Go OSS (stars>800),2026-06-23T05:29:28.827593+00:00
mk6i,open-oscar-server,https://github.com/mk6i/open-oscar-server,main,github_search_api:go_active:p2,stratum: active Go OSS (stars>800),2026-06-23T05:29:28.827542+00:00
higress-group,higress,https://github.com/higress-group/higress,main,github_search_api:go_active:p1,stratum: active Go OSS (stars>800),2026-06-23T05:29:24.092931+00:00
radius-project,radius,https://github.com/radius-project/radius,main,github_search_api:go_active:p3,stratum: active Go OSS (stars>800),2026-06-23T05:29:33.782037+00:00
kenn-io,msgvault,https://github.com/kenn-io/msgvault,main,github_search_api:go_active:p3,stratum: active Go OSS (stars>800),2026-06-23T05:29:33.782063+00:00
sipeed,picoclaw,https://github.com/sipeed/picoclaw,main,github_search_api:go_active:p3,stratum: active Go OSS (stars>800),2026-06-23T05:29:33.782133+00:00
gin-contrib,sessions,https://github.com/gin-contrib/sessions,master,github_search_api:go_active:p2,stratum: active Go OSS (stars>800),2026-06-23T05:29:28.827514+00:00
mvanhorn,printing-press-library,https://github.com/mvanhorn/printing-press-library,main,github_search_api:go_active:p3,stratum: active Go OSS (stars>800),2026-06-23T05:29:33.782179+00:00
github,gh-aw,https://github.com/github/gh-aw,main,github_search_api:go_active:p1,stratum: active Go OSS (stars>800),2026-06-23T05:29:24.092697+00:00
kubearmor,KubeArmor,https://github.com/kubearmor/KubeArmor,main,github_search_api:go_active:p3,stratum: active Go OSS (stars>800),2026-06-23T05:29:33.782192+00:00
Dicklesworthstone,beads_viewer,https://github.com/Dicklesworthstone/beads_viewer,main,github_search_api:go_active:p2,stratum: active Go OSS (stars>800),2026-06-23T05:29:28.827498+00:00
stacklok,toolhive,https://github.com/stacklok/toolhive,main,github_search_api:go_active:p1,stratum: active Go OSS (stars>800),2026-06-23T05:29:24.092700+00:00
nicholas-fedor,watchtower,https://github.com/nicholas-fedor/watchtower,main,github_search_api:go_active:p1,stratum: active Go OSS (stars>800),2026-06-23T05:29:24.092952+00:00
projectcalico,calico,https://github.com/projectcalico/calico,master,github_search_api:go_active:p2,stratum: active Go OSS (stars>800),2026-06-23T05:29:28.827618+00:00
canopy-network,canopy,https://github.com/canopy-network/canopy,main,github_search_api:go_active:p1,stratum: active Go OSS (stars>800),2026-06-23T05:29:24.092879+00:00
99designs,gqlgen,https://github.com/99designs/gqlgen,master,github_search_api:go_active:p3,stratum: active Go OSS (stars>800),2026-06-23T05:29:33.782013+00:00
letsencrypt,boulder,https://github.com/letsencrypt/boulder,main,github_search_api:go_active:p3,stratum: active Go OSS (stars>800),2026-06-23T05:29:33.782069+00:00
sqldef,sqldef,https://github.com/sqldef/sqldef,master,github_search_api:go_active:p1,stratum: active Go OSS (stars>800),2026-06-23T05:29:24.092756+00:00
lxc,incus-os,https://github.com/lxc/incus-os,main,github_search_api:go_active:p2,stratum: active Go OSS (stars>800),2026-06-23T05:29:28.827669+00:00
cockroachdb,pebble,https://github.com/cockroachdb/pebble,master,github_search_api:go_active:p2,stratum: active Go OSS (stars>800),2026-06-23T05:29:28.827585+00:00
rqlite,rqlite,https://github.com/rqlite/rqlite,master,github_search_api:go_active:p2,stratum: active Go OSS (stars>800),2026-06-23T05:29:28.827634+00:00
woodpecker-ci,woodpecker,https://github.com/woodpecker-ci/woodpecker,main,github_search_api:go_active:p3,stratum: active Go OSS (stars>800),2026-06-23T05:29:33.781907+00:00
k8sgpt-ai,k8sgpt,https://github.com/k8sgpt-ai/k8sgpt,main,github_search_api:go_active:p1,stratum: active Go OSS (stars>800),2026-06-23T05:29:24.092764+00:00
linkerd,linkerd2,https://github.com/linkerd/linkerd2,main,github_search_api:go_active:p3,stratum: active Go OSS (stars>800),2026-06-23T05:29:33.782047+00:00
dokku,dokku,https://github.com/dokku/dokku,master,github_search_api:infra_topics:p1,stratum: devops-tagged active repos (stars>800),2026-06-23T05:30:37.986545+00:00
opendevops-cn,opendevops,https://github.com/opendevops-cn/opendevops,master,github_search_api:infra_topics:p3,stratum: devops-tagged active repos (stars>800),2026-06-23T05:30:48.211772+00:00
vernu,vps-audit,https://github.com/vernu/vps-audit,main,github_search_api:infra_topics:p3,stratum: devops-tagged active repos (stars>800),2026-06-23T05:30:48.211880+00:00
CanineHQ,canine,https://github.com/CanineHQ/canine,main,github_search_api:infra_topics:p1,stratum: devops-tagged active repos (stars>800),2026-06-23T05:30:37.986689+00:00
DataTalksClub,ai-dev-tools-zoomcamp,https://github.com/DataTalksClub/ai-dev-tools-zoomcamp,main,github_search_api:infra_topics:p2,stratum: devops-tagged active repos (stars>800),2026-06-23T05:30:43.219012+00:00
dagucloud,dagu,https://github.com/dagucloud/dagu,main,github_search_api:infra_topics:p1,stratum: devops-tagged active repos (stars>800),2026-06-23T05:30:37.986599+00:00
kubetail-org,kubetail,https://github.com/kubetail-org/kubetail,main,github_search_api:infra_topics:p2,stratum: devops-tagged active repos (stars>800),2026-06-23T05:30:43.218917+00:00
healthchecks,healthchecks,https://github.com/healthchecks/healthchecks,master,github_search_api:infra_topics:p2,stratum: devops-tagged active repos (stars>800),2026-06-23T05:30:43.218805+00:00
Microsoft365DSC,Microsoft365DSC,https://github.com/Microsoft365DSC/Microsoft365DSC,Dev,github_search_api:infra_topics:p2,stratum: devops-tagged active repos (stars>800),2026-06-23T05:30:43.218792+00:00
loft-sh,loft,https://github.com/loft-sh/loft,master,github_search_api:infra_topics:p2,stratum: devops-tagged active repos (stars>800),2026-06-23T05:30:43.218990+00:00
rohitg00,k8sgames,https://github.com/rohitg00/k8sgames,main,github_search_api:infra_topics:p3,stratum: devops-tagged active repos (stars>800),2026-06-23T05:30:48.211753+00:00
inspec,inspec,https://github.com/inspec/inspec,main,github_search_api:infra_topics:p2,stratum: devops-tagged active repos (stars>800),2026-06-23T05:30:43.218812+00:00
hystax,optscale,https://github.com/hystax/optscale,integration,github_search_api:infra_topics:p2,stratum: devops-tagged active repos (stars>800),2026-06-23T05:30:43.218944+00:00
freelensapp,freelens,https://github.com/freelensapp/freelens,main,github_search_api:infra_topics:p1,stratum: devops-tagged active repos (stars>800),2026-06-23T05:30:37.986693+00:00
moul,assh,https://github.com/moul/assh,master,github_search_api:infra_topics:p2,stratum: devops-tagged active repos (stars>800),2026-06-23T05:30:43.218845+00:00
aqzt,kjyw,https://github.com/aqzt/kjyw,master,github_search_api:infra_topics:p3,stratum: devops-tagged active repos (stars>800),2026-06-23T05:30:48.211952+00:00
rorkai,app-store-connect-cli-skills,https://github.com/rorkai/app-store-connect-cli-skills,main,github_search_api:infra_topics:p2,stratum: devops-tagged active repos (stars>800),2026-06-23T05:30:43.219069+00:00
syself,cluster-api-provider-hetzner,https://github.com/syself/cluster-api-provider-hetzner,main,github_search_api:infra_topics:p1,stratum: devops-tagged active repos (stars>800),2026-06-23T05:30:37.986734+00:00
vitobotta,hetzner-k3s,https://github.com/vitobotta/hetzner-k3s,main,github_search_api:infra_topics:p1,stratum: devops-tagged active repos (stars>800),2026-06-23T05:30:37.986724+00:00
betterleaks,betterleaks,https://github.com/betterleaks/betterleaks,main,github_search_api:infra_topics:p2,stratum: devops-tagged active repos (stars>800),2026-06-23T05:30:43.218984+00:00
avevlad,russia-it-podcast,https://github.com/avevlad/russia-it-podcast,master,github_search_api:infra_topics:p3,stratum: devops-tagged active repos (stars>800),2026-06-23T05:30:48.211833+00:00
chaterm,Chaterm,https://github.com/chaterm/Chaterm,main,github_search_api:infra_topics:p2,stratum: devops-tagged active repos (stars>800),2026-06-23T05:30:43.218868+00:00
lensapp,lens,https://github.com/lensapp/lens,lens-desktop,github_search_api:infra_topics:p3,stratum: devops-tagged active repos (stars>800),2026-06-23T05:30:48.212006+00:00
rairprotocol,dev-dapp-season1,https://github.com/rairprotocol/dev-dapp-season1,main,github_search_api:infra_topics:p3,stratum: devops-tagged active repos (stars>800),2026-06-23T05:30:48.211946+00:00
moul,sshportal,https://github.com/moul/sshportal,master,github_search_api:infra_topics:p1,stratum: devops-tagged active repos (stars>800),2026-06-23T05:30:37.986707+00:00
mattn,goreman,https://github.com/mattn/goreman,master,github_search_api:infra_topics:p3,stratum: devops-tagged active repos (stars>800),2026-06-23T05:30:48.211798+00:00
rohitg00,kubectl-mcp-server,https://github.com/rohitg00/kubectl-mcp-server,main,github_search_api:infra_topics:p3,stratum: devops-tagged active repos (stars>800),2026-06-23T05:30:48.211781+00:00
jenkins-x,jx,https://github.com/jenkins-x/jx,main,github_search_api:infra_topics:p2,stratum: devops-tagged active repos (stars>800),2026-06-23T05:30:43.218921+00:00
kubeshop,monokle,https://github.com/kubeshop/monokle,main,github_search_api:infra_topics:p3,stratum: devops-tagged active repos (stars>800),2026-06-23T05:30:48.211836+00:00
capistrano,sshkit,https://github.com/capistrano/sshkit,master,github_search_api:infra_topics:p3,stratum: devops-tagged active repos (stars>800),2026-06-23T05:30:48.211795+00:00
adnanh,webhook,https://github.com/adnanh/webhook,master,github_search_api:infra_topics:p3,stratum: devops-tagged active repos (stars>800),2026-06-23T05:30:48.211847+00:00
DataDog,dd-agent,https://github.com/DataDog/dd-agent,master,github_search_api:infra_topics:p3,stratum: devops-tagged active repos (stars>800),2026-06-23T05:30:48.211743+00:00
stakpak,agent,https://github.com/stakpak/agent,main,github_search_api:infra_topics:p2,stratum: devops-tagged active repos (stars>800),2026-06-23T05:30:43.218974+00:00
gonglei007,GameDevMind,https://github.com/gonglei007/GameDevMind,main,github_search_api:infra_topics:p1,stratum: devops-tagged active repos (stars>800),2026-06-23T05:30:37.986717+00:00
pycontribs,jenkinsapi,https://github.com/pycontribs/jenkinsapi,master,github_search_api:infra_topics:p2,stratum: devops-tagged active repos (stars>800),2026-06-23T05:30:43.219035+00:00
lmorg,murex,https://github.com/lmorg/murex,master,github_search_api:infra_topics:p3,stratum: devops-tagged active repos (stars>800),2026-06-23T05:30:48.211699+00:00
env0,terratag,https://github.com/env0/terratag,master,github_search_api:infra_topics:p3,stratum: devops-tagged active repos (stars>800),2026-06-23T05:30:48.211719+00:00
kitops-ml,kitops,https://github.com/kitops-ml/kitops,main,github_search_api:infra_topics:p1,stratum: devops-tagged active repos (stars>800),2026-06-23T05:30:37.986542+00:00
AlexAnys,awesome-openclaw-usecases-zh,https://github.com/AlexAnys/awesome-openclaw-usecases-zh,main,github_search_api:infra_topics:p2,stratum: devops-tagged active repos (stars>800),2026-06-23T05:30:43.219025+00:00
bridgecrewio,yor,https://github.com/bridgecrewio/yor,main,github_search_api:infra_topics:p2,stratum: devops-tagged active repos (stars>800),2026-06-23T05:30:43.219103+00:00
clearml,clearml,https://github.com/clearml/clearml,master,github_search_api:infra_topics:p2,stratum: devops-tagged active repos (stars>800),2026-06-23T05:30:43.218874+00:00
vilaca,awesome-k8s-tools,https://github.com/vilaca/awesome-k8s-tools,main,github_search_api:infra_topics:p1,stratum: devops-tagged active repos (stars>800),2026-06-23T05:30:37.986497+00:00
apache,apisix-dashboard,https://github.com/apache/apisix-dashboard,master,github_search_api:infra_topics:p2,stratum: devops-tagged active repos (stars>800),2026-06-23T05:30:43.218829+00:00
tianshiyeben,wgcloud,https://github.com/tianshiyeben/wgcloud,master,github_search_api:infra_topics:p2,stratum: devops-tagged active repos (stars>800),2026-06-23T05:30:43.219094+00:00
OneUptime,oneuptime,https://github.com/OneUptime/oneuptime,master,github_search_api:infra_topics:p1,stratum: devops-tagged active repos (stars>800),2026-06-23T05:30:37.986531+00:00
NotHarshhaa,DevOps-Interview-Questions,https://github.com/NotHarshhaa/DevOps-Interview-Questions,master,github_search_api:infra_topics:p3,stratum: devops-tagged active repos (stars>800),2026-06-23T05:30:48.211940+00:00
rohitg00,awesome-devops-mcp-servers,https://github.com/rohitg00/awesome-devops-mcp-servers,main,github_search_api:infra_topics:p3,stratum: devops-tagged active repos (stars>800),2026-06-23T05:30:48.211726+00:00
devspace-sh,devspace,https://github.com/devspace-sh/devspace,main,github_search_api:infra_topics:p1,stratum: devops-tagged active repos (stars>800),2026-06-23T05:30:37.986745+00:00
dromara,orion-visor,https://github.com/dromara/orion-visor,main,github_search_api:infra_topics:p3,stratum: devops-tagged active repos (stars>800),2026-06-23T05:30:48.211854+00:00
awesome-foss,awesome-sysadmin,https://github.com/awesome-foss/awesome-sysadmin,master,github_search_api:infra_topics:p1,stratum: devops-tagged active repos (stars>800),2026-06-23T05:30:37.986720+00:00
artem-ogre,CDT,https://github.com/artem-ogre/CDT,master,github_search_api:library_topics:p3,stratum: library-tagged active repos (stars>800),2026-06-23T05:31:03.635244+00:00
viblo,pymunk,https://github.com/viblo/pymunk,master,github_search_api:library_topics:p1,stratum: library-tagged active repos (stars>800),2026-06-23T05:30:54.400966+00:00
apache,cordova-plugin-inappbrowser,https://github.com/apache/cordova-plugin-inappbrowser,master,github_search_api:library_topics:p1,stratum: library-tagged active repos (stars>800),2026-06-23T05:30:54.400817+00:00
inkline,inkline,https://github.com/inkline/inkline,main,github_search_api:library_topics:p1,stratum: library-tagged active repos (stars>800),2026-06-23T05:30:54.400796+00:00
unikraft,unikraft,https://github.com/unikraft/unikraft,staging,github_search_api:library_topics:p1,stratum: library-tagged active repos (stars>800),2026-06-23T05:30:54.400941+00:00
paulbartrum,jurassic,https://github.com/paulbartrum/jurassic,master,github_search_api:library_topics:p3,stratum: library-tagged active repos (stars>800),2026-06-23T05:31:03.635292+00:00
FreeRDP,FreeRDP,https://github.com/FreeRDP/FreeRDP,master,github_search_api:library_topics:p1,stratum: library-tagged active repos (stars>800),2026-06-23T05:30:54.400765+00:00
evanwashere,mitata,https://github.com/evanwashere/mitata,master,github_search_api:library_topics:p3,stratum: library-tagged active repos (stars>800),2026-06-23T05:31:03.635286+00:00
ondras,rot.js,https://github.com/ondras/rot.js,master,github_search_api:library_topics:p3,stratum: library-tagged active repos (stars>800),2026-06-23T05:31:03.635321+00:00
lukasbach,headless-tree,https://github.com/lukasbach/headless-tree,main,github_search_api:library_topics:p2,stratum: library-tagged active repos (stars>800),2026-06-23T05:30:59.149198+00:00
felangel,bloc,https://github.com/felangel/bloc,master,github_search_api:library_topics:p1,stratum: library-tagged active repos (stars>800),2026-06-23T05:30:54.400744+00:00
lusaxweb,vuesax,https://github.com/lusaxweb/vuesax,master,github_search_api:library_topics:p3,stratum: library-tagged active repos (stars>800),2026-06-23T05:31:03.635342+00:00
zpl-c,librg,https://github.com/zpl-c/librg,master,github_search_api:library_topics:p3,stratum: library-tagged active repos (stars>800),2026-06-23T05:31:03.635123+00:00
wolph,python-progressbar,https://github.com/wolph/python-progressbar,develop,github_search_api:library_topics:p1,stratum: library-tagged active repos (stars>800),2026-06-23T05:30:54.400868+00:00
PaulRBerg,prb-math,https://github.com/PaulRBerg/prb-math,main,github_search_api:library_topics:p2,stratum: library-tagged active repos (stars>800),2026-06-23T05:30:59.149132+00:00
apache,shiro,https://github.com/apache/shiro,main,github_search_api:library_topics:p1,stratum: library-tagged active repos (stars>800),2026-06-23T05:30:54.400773+00:00
libexpat,libexpat,https://github.com/libexpat/libexpat,master,github_search_api:library_topics:p1,stratum: library-tagged active repos (stars>800),2026-06-23T05:30:54.400848+00:00
guhrodrrigues,luxe,https://github.com/guhrodrrigues/luxe,main,github_search_api:library_topics:p3,stratum: library-tagged active repos (stars>800),2026-06-23T05:31:03.635084+00:00
nayuki,QR-Code-generator,https://github.com/nayuki/QR-Code-generator,master,github_search_api:library_topics:p3,stratum: library-tagged active repos (stars>800),2026-06-23T05:31:03.635299+00:00
mkpaz,atlantafx,https://github.com/mkpaz/atlantafx,master,github_search_api:library_topics:p3,stratum: library-tagged active repos (stars>800),2026-06-23T05:31:03.635231+00:00
imbrn,v8n,https://github.com/imbrn/v8n,master,github_search_api:library_topics:p3,stratum: library-tagged active repos (stars>800),2026-06-23T05:31:03.635308+00:00
modernish,modernish,https://github.com/modernish/modernish,master,github_search_api:library_topics:p3,stratum: library-tagged active repos (stars>800),2026-06-23T05:31:03.635114+00:00
jonhoo,fantoccini,https://github.com/jonhoo/fantoccini,main,github_search_api:library_topics:p2,stratum: library-tagged active repos (stars>800),2026-06-23T05:30:59.149177+00:00
mpetroff,pannellum,https://github.com/mpetroff/pannellum,master,github_search_api:library_topics:p2,stratum: library-tagged active repos (stars>800),2026-06-23T05:30:59.149273+00:00
enkisoftware,imgui_markdown,https://github.com/enkisoftware/imgui_markdown,main,github_search_api:library_topics:p2,stratum: library-tagged active repos (stars>800),2026-06-23T05:30:59.149333+00:00
retentioneering,retentioneering-tools,https://github.com/retentioneering/retentioneering-tools,master,github_search_api:library_topics:p3,stratum: library-tagged active repos (stars>800),2026-06-23T05:31:03.635157+00:00
sksamuel,hoplite,https://github.com/sksamuel/hoplite,master,github_search_api:library_topics:p1,stratum: library-tagged active repos (stars>800),2026-06-23T05:30:54.400983+00:00
lukasmasuch,best-of-python,https://github.com/lukasmasuch/best-of-python,main,github_search_api:library_topics:p1,stratum: library-tagged active repos (stars>800),2026-06-23T05:30:54.400951+00:00
schollz,progressbar,https://github.com/schollz/progressbar,main,github_search_api:library_topics:p3,stratum: library-tagged active repos (stars>800),2026-06-23T05:31:03.635131+00:00
ContinualAI,avalanche,https://github.com/ContinualAI/avalanche,master,github_search_api:library_topics:p3,stratum: library-tagged active repos (stars>800),2026-06-23T05:31:03.635277+00:00
microsoft,FASTER,https://github.com/microsoft/FASTER,main,github_search_api:library_topics:p2,stratum: library-tagged active repos (stars>800),2026-06-23T05:30:59.149103+00:00
Devlight,NavigationTabBar,https://github.com/Devlight/NavigationTabBar,master,github_search_api:library_topics:p3,stratum: library-tagged active repos (stars>800),2026-06-23T05:31:03.635368+00:00
attractivechaos,klib,https://github.com/attractivechaos/klib,master,github_search_api:library_topics:p3,stratum: library-tagged active repos (stars>800),2026-06-23T05:31:03.635153+00:00
gruns,icecream,https://github.com/gruns/icecream,master,github_search_api:library_topics:p1,stratum: library-tagged active repos (stars>800),2026-06-23T05:30:54.400834+00:00
discordeno,discordeno,https://github.com/discordeno/discordeno,main,github_search_api:library_topics:p1,stratum: library-tagged active repos (stars>800),2026-06-23T05:30:54.400731+00:00
chatscope,chat-ui-kit-react,https://github.com/chatscope/chat-ui-kit-react,master,github_search_api:library_topics:p3,stratum: library-tagged active repos (stars>800),2026-06-23T05:31:03.635257+00:00
kokonut-labs,kokonutui,https://github.com/kokonut-labs/kokonutui,main,github_search_api:library_topics:p2,stratum: library-tagged active repos (stars>800),2026-06-23T05:30:59.149225+00:00
patriciogonzalezvivo,lygia,https://github.com/patriciogonzalezvivo/lygia,main,github_search_api:library_topics:p2,stratum: library-tagged active repos (stars>800),2026-06-23T05:30:59.149357+00:00
pb33f,libopenapi,https://github.com/pb33f/libopenapi,main,github_search_api:library_topics:p2,stratum: library-tagged active repos (stars>800),2026-06-23T05:30:59.149035+00:00
afkT,DevUtils,https://github.com/afkT/DevUtils,master,github_search_api:library_topics:p2,stratum: library-tagged active repos (stars>800),2026-06-23T05:30:59.149126+00:00
arkhipenko,TaskScheduler,https://github.com/arkhipenko/TaskScheduler,master,github_search_api:library_topics:p2,stratum: library-tagged active repos (stars>800),2026-06-23T05:30:59.149296+00:00
brainix,pottery,https://github.com/brainix/pottery,master,github_search_api:library_topics:p1,stratum: library-tagged active repos (stars>800),2026-06-23T05:30:54.400800+00:00
oauthlib,oauthlib,https://github.com/oauthlib/oauthlib,master,github_search_api:library_topics:p2,stratum: library-tagged active repos (stars>800),2026-06-23T05:30:59.149122+00:00
heroui-inc,heroui,https://github.com/heroui-inc/heroui,v3,github_search_api:library_topics:p1,stratum: library-tagged active repos (stars>800),2026-06-23T05:30:54.400820+00:00
brainboxdotcc,DPP,https://github.com/brainboxdotcc/DPP,master,github_search_api:library_topics:p2,stratum: library-tagged active repos (stars>800),2026-06-23T05:30:59.149180+00:00
RobTillaart,Arduino,https://github.com/RobTillaart/Arduino,master,github_search_api:library_topics:p1,stratum: library-tagged active repos (stars>800),2026-06-23T05:30:54.400720+00:00
advanced-cropper,vue-advanced-cropper,https://github.com/advanced-cropper/vue-advanced-cropper,master,github_search_api:library_topics:p3,stratum: library-tagged active repos (stars>800),2026-06-23T05:31:03.635374+00:00
margelo,react-native-graph,https://github.com/margelo/react-native-graph,main,github_search_api:library_topics:p2,stratum: library-tagged active repos (stars>800),2026-06-23T05:30:59.149310+00:00
parnurzeal,gorequest,https://github.com/parnurzeal/gorequest,develop,github_search_api:library_topics:p3,stratum: library-tagged active repos (stars>800),2026-06-23T05:31:03.635167+00:00
libcpr,cpr,https://github.com/libcpr/cpr,master,github_search_api:library_topics:p1,stratum: library-tagged active repos (stars>800),2026-06-23T05:30:54.400916+00:00
harbor-framework,harbor,https://github.com/harbor-framework/harbor,main,github_search_api:python_active:p1,stratum: active Python OSS (stars>800),2026-06-23T05:29:09.405269+00:00
alecmuffett,real-world-onion-sites,https://github.com/alecmuffett/real-world-onion-sites,master,github_search_api:python_active:p2,stratum: active Python OSS (stars>800),2026-06-23T05:29:14.447078+00:00
sshuttle,sshuttle,https://github.com/sshuttle/sshuttle,master,github_search_api:python_active:p3,stratum: active Python OSS (stars>800),2026-06-23T05:29:19.460006+00:00
airbytehq,airbyte,https://github.com/airbytehq/airbyte,master,github_search_api:python_active:p1,stratum: active Python OSS (stars>800),2026-06-23T05:29:09.405151+00:00
TheR1D,shell_gpt,https://github.com/TheR1D/shell_gpt,main,github_search_api:python_active:p3,stratum: active Python OSS (stars>800),2026-06-23T05:29:19.459932+00:00
tonquer,JMComic-qt,https://github.com/tonquer/JMComic-qt,main,github_search_api:python_active:p3,stratum: active Python OSS (stars>800),2026-06-23T05:29:19.460056+00:00
ByteDance-Seed,VeOmni,https://github.com/ByteDance-Seed/VeOmni,main,github_search_api:python_active:p2,stratum: active Python OSS (stars>800),2026-06-23T05:29:14.447071+00:00
OCA,OpenUpgrade,https://github.com/OCA/OpenUpgrade,19.0,github_search_api:python_active:p1,stratum: active Python OSS (stars>800),2026-06-23T05:29:09.405253+00:00
flosell,trailscraper,https://github.com/flosell/trailscraper,master,github_search_api:python_active:p3,stratum: active Python OSS (stars>800),2026-06-23T05:29:19.460131+00:00
AcademySoftwareFoundation,rez,https://github.com/AcademySoftwareFoundation/rez,main,github_search_api:python_active:p3,stratum: active Python OSS (stars>800),2026-06-23T05:29:19.460071+00:00
PrimeIntellect-ai,prime-rl,https://github.com/PrimeIntellect-ai/prime-rl,main,github_search_api:python_active:p1,stratum: active Python OSS (stars>800),2026-06-23T05:29:09.405283+00:00
modelscope,DiffSynth-Studio,https://github.com/modelscope/DiffSynth-Studio,main,github_search_api:python_active:p2,stratum: active Python OSS (stars>800),2026-06-23T05:29:14.446880+00:00
keithrozario,Klayers,https://github.com/keithrozario/Klayers,master,github_search_api:python_active:p3,stratum: active Python OSS (stars>800),2026-06-23T05:29:19.460028+00:00
NVIDIA-NeMo,Guardrails,https://github.com/NVIDIA-NeMo/Guardrails,develop,github_search_api:python_active:p3,stratum: active Python OSS (stars>800),2026-06-23T05:29:19.459961+00:00
volcengine,OpenViking,https://github.com/volcengine/OpenViking,main,github_search_api:python_active:p2,stratum: active Python OSS (stars>800),2026-06-23T05:29:14.446965+00:00
nvaccess,nvda,https://github.com/nvaccess/nvda,master,github_search_api:python_active:p3,stratum: active Python OSS (stars>800),2026-06-23T05:29:19.460077+00:00
google,tunix,https://github.com/google/tunix,main,github_search_api:python_active:p2,stratum: active Python OSS (stars>800),2026-06-23T05:29:14.446913+00:00
MashiroSaber03,Saber-Translator,https://github.com/MashiroSaber03/Saber-Translator,main,github_search_api:python_active:p3,stratum: active Python OSS (stars>800),2026-06-23T05:29:19.460053+00:00
skypilot-org,skypilot,https://github.com/skypilot-org/skypilot,master,github_search_api:python_active:p2,stratum: active Python OSS (stars>800),2026-06-23T05:29:14.447088+00:00
kedro-org,kedro,https://github.com/kedro-org/kedro,main,github_search_api:python_active:p2,stratum: active Python OSS (stars>800),2026-06-23T05:29:14.447009+00:00
mani-skill,ManiSkill,https://github.com/mani-skill/ManiSkill,main,github_search_api:python_active:p2,stratum: active Python OSS (stars>800),2026-06-23T05:29:14.446884+00:00
castorini,pyserini,https://github.com/castorini/pyserini,master,github_search_api:python_active:p3,stratum: active Python OSS (stars>800),2026-06-23T05:29:19.459942+00:00
frappe,erpnext,https://github.com/frappe/erpnext,develop,github_search_api:python_active:p1,stratum: active Python OSS (stars>800),2026-06-23T05:29:09.405320+00:00
ycdxsb,PocOrExp_in_Github,https://github.com/ycdxsb/PocOrExp_in_Github,main,github_search_api:python_active:p1,stratum: active Python OSS (stars>800),2026-06-23T05:29:09.405411+00:00
Textualize,rich,https://github.com/Textualize/rich,main,github_search_api:python_active:p3,stratum: active Python OSS (stars>800),2026-06-23T05:29:19.459891+00:00
Misaka-blog,chromego_merge,https://github.com/Misaka-blog/chromego_merge,main,github_search_api:python_active:p3,stratum: active Python OSS (stars>800),2026-06-23T05:29:19.460087+00:00
intel,auto-round,https://github.com/intel/auto-round,main,github_search_api:python_active:p2,stratum: active Python OSS (stars>800),2026-06-23T05:29:14.446873+00:00
voxel51,fiftyone,https://github.com/voxel51/fiftyone,develop,github_search_api:python_active:p3,stratum: active Python OSS (stars>800),2026-06-23T05:29:19.460099+00:00
uriyyo,fastapi-pagination,https://github.com/uriyyo/fastapi-pagination,main,github_search_api:python_active:p2,stratum: active Python OSS (stars>800),2026-06-23T05:29:14.447096+00:00
yoshitomo-matsubara,torchdistill,https://github.com/yoshitomo-matsubara/torchdistill,main,github_search_api:python_active:p1,stratum: active Python OSS (stars>800),2026-06-23T05:29:09.405426+00:00
XiaoMi,xiaomi-miloco,https://github.com/XiaoMi/xiaomi-miloco,main,github_search_api:python_active:p1,stratum: active Python OSS (stars>800),2026-06-23T05:29:09.405288+00:00
Q00,ouroboros,https://github.com/Q00/ouroboros,main,github_search_api:python_active:p1,stratum: active Python OSS (stars>800),2026-06-23T05:29:09.405438+00:00
flagos-ai,FlagGems,https://github.com/flagos-ai/FlagGems,master,github_search_api:python_active:p1,stratum: active Python OSS (stars>800),2026-06-23T05:29:09.405196+00:00
OpenHands,OpenHands,https://github.com/OpenHands/OpenHands,main,github_search_api:python_active:p1,stratum: active Python OSS (stars>800),2026-06-23T05:29:09.405363+00:00
PyAV-Org,PyAV,https://github.com/PyAV-Org/PyAV,main,github_search_api:python_active:p2,stratum: active Python OSS (stars>800),2026-06-23T05:29:14.446968+00:00
SuanmoSuanyangTechnology,MemoryBear,https://github.com/SuanmoSuanyangTechnology/MemoryBear,main,github_search_api:python_active:p3,stratum: active Python OSS (stars>800),2026-06-23T05:29:19.459881+00:00
potpie-ai,potpie,https://github.com/potpie-ai/potpie,main,github_search_api:python_active:p2,stratum: active Python OSS (stars>800),2026-06-23T05:29:14.446896+00:00
areal-project,AReaL,https://github.com/areal-project/AReaL,main,github_search_api:python_active:p2,stratum: active Python OSS (stars>800),2026-06-23T05:29:14.447046+00:00
kernalix7,winpodx,https://github.com/kernalix7/winpodx,main,github_search_api:python_active:p3,stratum: active Python OSS (stars>800),2026-06-23T05:29:19.459948+00:00
8680,GOODBYEADS,https://github.com/8680/GOODBYEADS,master,github_search_api:python_active:p2,stratum: active Python OSS (stars>800),2026-06-23T05:29:14.447002+00:00
opensquilla,opensquilla,https://github.com/opensquilla/opensquilla,main,github_search_api:python_active:p2,stratum: active Python OSS (stars>800),2026-06-23T05:29:14.447061+00:00
davila7,claude-code-templates,https://github.com/davila7/claude-code-templates,main,github_search_api:python_active:p2,stratum: active Python OSS (stars>800),2026-06-23T05:29:14.446927+00:00
goauthentik,authentik,https://github.com/goauthentik/authentik,main,github_search_api:python_active:p2,stratum: active Python OSS (stars>800),2026-06-23T05:29:14.446962+00:00
SemiAnalysisAI,InferenceX,https://github.com/SemiAnalysisAI/InferenceX,main,github_search_api:python_active:p1,stratum: active Python OSS (stars>800),2026-06-23T05:29:09.405360+00:00
millylee,anyrouter-check-in,https://github.com/millylee/anyrouter-check-in,main,github_search_api:python_active:p3,stratum: active Python OSS (stars>800),2026-06-23T05:29:19.460081+00:00
omnimind-ai,OmniInfer,https://github.com/omnimind-ai/OmniInfer,main,github_search_api:python_active:p1,stratum: active Python OSS (stars>800),2026-06-23T05:29:09.405378+00:00
djlint,djLint,https://github.com/djlint/djLint,master,github_search_api:python_active:p1,stratum: active Python OSS (stars>800),2026-06-23T05:29:09.405347+00:00
adminlove520,AI-Account-Toolkit,https://github.com/adminlove520/AI-Account-Toolkit,main,github_search_api:python_active:p3,stratum: active Python OSS (stars>800),2026-06-23T05:29:19.459957+00:00
pdm-project,pdm,https://github.com/pdm-project/pdm,main,github_search_api:python_active:p3,stratum: active Python OSS (stars>800),2026-06-23T05:29:19.460152+00:00
python,cpython,https://github.com/python/cpython,main,github_search_api:python_active:p2,stratum: active Python OSS (stars>800),2026-06-23T05:29:14.447004+00:00
Automattic,harper,https://github.com/Automattic/harper,master,github_search_api:rust_active:p3,stratum: active Rust OSS (stars>800),2026-06-23T05:29:48.548226+00:00
cocoindex-io,cocoindex,https://github.com/cocoindex-io/cocoindex,main,github_search_api:rust_active:p2,stratum: active Rust OSS (stars>800),2026-06-23T05:29:43.553857+00:00
rivet-dev,secure-exec,https://github.com/rivet-dev/secure-exec,main,github_search_api:rust_active:p2,stratum: active Rust OSS (stars>800),2026-06-23T05:29:43.553969+00:00
wealthfolio,wealthfolio,https://github.com/wealthfolio/wealthfolio,main,github_search_api:rust_active:p3,stratum: active Rust OSS (stars>800),2026-06-23T05:29:48.548189+00:00
quarylabs,sqruff,https://github.com/quarylabs/sqruff,main,github_search_api:rust_active:p3,stratum: active Rust OSS (stars>800),2026-06-23T05:29:48.548156+00:00
iwe-org,iwe,https://github.com/iwe-org/iwe,master,github_search_api:rust_active:p3,stratum: active Rust OSS (stars>800),2026-06-23T05:29:48.548073+00:00
kanidm,kanidm,https://github.com/kanidm/kanidm,master,github_search_api:rust_active:p1,stratum: active Rust OSS (stars>800),2026-06-23T05:29:38.397646+00:00
madsmtm,objc2,https://github.com/madsmtm/objc2,main,github_search_api:rust_active:p3,stratum: active Rust OSS (stars>800),2026-06-23T05:29:48.548174+00:00
wild-linker,wild,https://github.com/wild-linker/wild,main,github_search_api:rust_active:p1,stratum: active Rust OSS (stars>800),2026-06-23T05:29:38.397434+00:00
voidzero-dev,vite-plus,https://github.com/voidzero-dev/vite-plus,main,github_search_api:rust_active:p2,stratum: active Rust OSS (stars>800),2026-06-23T05:29:43.553924+00:00
rust-lang,portable-simd,https://github.com/rust-lang/portable-simd,master,github_search_api:rust_active:p1,stratum: active Rust OSS (stars>800),2026-06-23T05:29:38.397653+00:00
regolith-labs,ore,https://github.com/regolith-labs/ore,master,github_search_api:rust_active:p3,stratum: active Rust OSS (stars>800),2026-06-23T05:29:48.548318+00:00
pgcentralfoundation,pgrx,https://github.com/pgcentralfoundation/pgrx,develop,github_search_api:rust_active:p3,stratum: active Rust OSS (stars>800),2026-06-23T05:29:48.548241+00:00
katanemo,plano,https://github.com/katanemo/plano,main,github_search_api:rust_active:p3,stratum: active Rust OSS (stars>800),2026-06-23T05:29:48.548287+00:00
ClementTsang,bottom,https://github.com/ClementTsang/bottom,main,github_search_api:rust_active:p1,stratum: active Rust OSS (stars>800),2026-06-23T05:29:38.397400+00:00
git-ai-project,git-ai,https://github.com/git-ai-project/git-ai,main,github_search_api:rust_active:p1,stratum: active Rust OSS (stars>800),2026-06-23T05:29:38.397659+00:00
moq-dev,moq,https://github.com/moq-dev/moq,main,github_search_api:rust_active:p1,stratum: active Rust OSS (stars>800),2026-06-23T05:29:38.397521+00:00
zed-industries,zed,https://github.com/zed-industries/zed,main,github_search_api:rust_active:p2,stratum: active Rust OSS (stars>800),2026-06-23T05:29:43.553942+00:00
facebook,pyrefly,https://github.com/facebook/pyrefly,main,github_search_api:rust_active:p1,stratum: active Rust OSS (stars>800),2026-06-23T05:29:38.397604+00:00
kata-containers,kata-containers,https://github.com/kata-containers/kata-containers,main,github_search_api:rust_active:p1,stratum: active Rust OSS (stars>800),2026-06-23T05:29:38.397541+00:00
apache,iceberg-rust,https://github.com/apache/iceberg-rust,main,github_search_api:rust_active:p2,stratum: active Rust OSS (stars>800),2026-06-23T05:29:43.554035+00:00
rust-lang,docs.rs,https://github.com/rust-lang/docs.rs,main,github_search_api:rust_active:p1,stratum: active Rust OSS (stars>800),2026-06-23T05:29:38.397405+00:00
ogulcancelik,herdr,https://github.com/ogulcancelik/herdr,master,github_search_api:rust_active:p3,stratum: active Rust OSS (stars>800),2026-06-23T05:29:48.548368+00:00
adysec,tracker,https://github.com/adysec/tracker,main,github_search_api:rust_active:p1,stratum: active Rust OSS (stars>800),2026-06-23T05:29:38.397531+00:00
sashiko-dev,sashiko,https://github.com/sashiko-dev/sashiko,main,github_search_api:rust_active:p3,stratum: active Rust OSS (stars>800),2026-06-23T05:29:48.548309+00:00
darkrenaissance,darkfi,https://github.com/darkrenaissance/darkfi,master,github_search_api:rust_active:p3,stratum: active Rust OSS (stars>800),2026-06-23T05:29:48.548333+00:00
longbridge,gpui-component,https://github.com/longbridge/gpui-component,main,github_search_api:rust_active:p1,stratum: active Rust OSS (stars>800),2026-06-23T05:29:38.397635+00:00
jj-vcs,jj,https://github.com/jj-vcs/jj,main,github_search_api:rust_active:p2,stratum: active Rust OSS (stars>800),2026-06-23T05:29:43.554091+00:00
qufei1993,skills-hub,https://github.com/qufei1993/skills-hub,main,github_search_api:rust_active:p2,stratum: active Rust OSS (stars>800),2026-06-23T05:29:43.553932+00:00
influxdata,influxdb,https://github.com/influxdata/influxdb,main,github_search_api:rust_active:p3,stratum: active Rust OSS (stars>800),2026-06-23T05:29:48.548297+00:00
FyroxEngine,Fyrox,https://github.com/FyroxEngine/Fyrox,master,github_search_api:rust_active:p3,stratum: active Rust OSS (stars>800),2026-06-23T05:29:48.548361+00:00
o2sh,onefetch,https://github.com/o2sh/onefetch,main,github_search_api:rust_active:p3,stratum: active Rust OSS (stars>800),2026-06-23T05:29:48.548336+00:00
MystenLabs,sui,https://github.com/MystenLabs/sui,main,github_search_api:rust_active:p3,stratum: active Rust OSS (stars>800),2026-06-23T05:29:48.548090+00:00
hydro-project,hydro,https://github.com/hydro-project/hydro,main,github_search_api:rust_active:p2,stratum: active Rust OSS (stars>800),2026-06-23T05:29:43.553954+00:00
facebook,sapling,https://github.com/facebook/sapling,main,github_search_api:rust_active:p2,stratum: active Rust OSS (stars>800),2026-06-23T05:29:43.553873+00:00
juspay,hyperswitch,https://github.com/juspay/hyperswitch,main,github_search_api:rust_active:p2,stratum: active Rust OSS (stars>800),2026-06-23T05:29:43.553989+00:00
zama-ai,fhevm,https://github.com/zama-ai/fhevm,main,github_search_api:rust_active:p2,stratum: active Rust OSS (stars>800),2026-06-23T05:29:43.553948+00:00
vortex-data,vortex,https://github.com/vortex-data/vortex,develop,github_search_api:rust_active:p3,stratum: active Rust OSS (stars>800),2026-06-23T05:29:48.548093+00:00
libnyanpasu,clash-nyanpasu,https://github.com/libnyanpasu/clash-nyanpasu,main,github_search_api:rust_active:p1,stratum: active Rust OSS (stars>800),2026-06-23T05:29:38.397452+00:00
supabase,wrappers,https://github.com/supabase/wrappers,main,github_search_api:rust_active:p1,stratum: active Rust OSS (stars>800),2026-06-23T05:29:38.397575+00:00
tock,tock,https://github.com/tock/tock,master,github_search_api:rust_active:p2,stratum: active Rust OSS (stars>800),2026-06-23T05:29:43.554043+00:00
openfootmanager,openfootmanager,https://github.com/openfootmanager/openfootmanager,develop,github_search_api:rust_active:p3,stratum: active Rust OSS (stars>800),2026-06-23T05:29:48.548122+00:00
foundry-rs,foundry,https://github.com/foundry-rs/foundry,master,github_search_api:rust_active:p2,stratum: active Rust OSS (stars>800),2026-06-23T05:29:43.553945+00:00
Kopuz-org,kopuz,https://github.com/Kopuz-org/kopuz,master,github_search_api:rust_active:p2,stratum: active Rust OSS (stars>800),2026-06-23T05:29:43.554051+00:00
yuezk,GlobalProtect-openconnect,https://github.com/yuezk/GlobalProtect-openconnect,main,github_search_api:rust_active:p1,stratum: active Rust OSS (stars>800),2026-06-23T05:29:38.397615+00:00
bottlerocket-os,bottlerocket,https://github.com/bottlerocket-os/bottlerocket,develop,github_search_api:rust_active:p2,stratum: active Rust OSS (stars>800),2026-06-23T05:29:43.554084+00:00
juspay,hyperswitch-prism,https://github.com/juspay/hyperswitch-prism,main,github_search_api:rust_active:p2,stratum: active Rust OSS (stars>800),2026-06-23T05:29:43.553997+00:00
open-telemetry,opentelemetry-rust,https://github.com/open-telemetry/opentelemetry-rust,main,github_search_api:rust_active:p1,stratum: active Rust OSS (stars>800),2026-06-23T05:29:38.397483+00:00
asterinas,asterinas,https://github.com/asterinas/asterinas,main,github_search_api:rust_active:p2,stratum: active Rust OSS (stars>800),2026-06-23T05:29:43.553979+00:00
jlcodes99,cockpit-tools,https://github.com/jlcodes99/cockpit-tools,main,github_search_api:rust_active:p2,stratum: active Rust OSS (stars>800),2026-06-23T05:29:43.553891+00:00
millionco,react-doctor,https://github.com/millionco/react-doctor,main,github_search_api:typescript_active:p3,stratum: active TypeScript OSS (stars>800),2026-06-23T05:30:33.295652+00:00
koala73,worldmonitor,https://github.com/koala73/worldmonitor,main,github_search_api:typescript_active:p1,stratum: active TypeScript OSS (stars>800),2026-06-23T05:29:53.613131+00:00
YunYouJun,valaxy,https://github.com/YunYouJun/valaxy,main,github_search_api:typescript_active:p3,stratum: active TypeScript OSS (stars>800),2026-06-23T05:30:33.295724+00:00
srizzon,git-city,https://github.com/srizzon/git-city,main,github_search_api:typescript_active:p2,stratum: active TypeScript OSS (stars>800),2026-06-23T05:30:28.468043+00:00
MetaMask,metamask-extension,https://github.com/MetaMask/metamask-extension,main,github_search_api:typescript_active:p2,stratum: active TypeScript OSS (stars>800),2026-06-23T05:30:28.468057+00:00
HerbertHe,iptv-sources,https://github.com/HerbertHe/iptv-sources,main,github_search_api:typescript_active:p3,stratum: active TypeScript OSS (stars>800),2026-06-23T05:30:33.295665+00:00
matter-js,matter.js,https://github.com/matter-js/matter.js,main,github_search_api:typescript_active:p2,stratum: active TypeScript OSS (stars>800),2026-06-23T05:30:28.467846+00:00
PostHog,posthog.com,https://github.com/PostHog/posthog.com,master,github_search_api:typescript_active:p3,stratum: active TypeScript OSS (stars>800),2026-06-23T05:30:33.295839+00:00
callstack,linaria,https://github.com/callstack/linaria,master,github_search_api:typescript_active:p1,stratum: active TypeScript OSS (stars>800),2026-06-23T05:29:53.613268+00:00
actions,setup-java,https://github.com/actions/setup-java,main,github_search_api:typescript_active:p3,stratum: active TypeScript OSS (stars>800),2026-06-23T05:30:33.295829+00:00
siyuan-note,siyuan,https://github.com/siyuan-note/siyuan,master,github_search_api:typescript_active:p2,stratum: active TypeScript OSS (stars>800),2026-06-23T05:30:28.468072+00:00
snapotter-hq,SnapOtter,https://github.com/snapotter-hq/SnapOtter,main,github_search_api:typescript_active:p3,stratum: active TypeScript OSS (stars>800),2026-06-23T05:30:33.295685+00:00
web-infra-dev,midscene,https://github.com/web-infra-dev/midscene,main,github_search_api:typescript_active:p1,stratum: active TypeScript OSS (stars>800),2026-06-23T05:29:53.613073+00:00
letta-ai,letta-code,https://github.com/letta-ai/letta-code,main,github_search_api:typescript_active:p2,stratum: active TypeScript OSS (stars>800),2026-06-23T05:30:28.467999+00:00
spacebarchat,server,https://github.com/spacebarchat/server,master,github_search_api:typescript_active:p2,stratum: active TypeScript OSS (stars>800),2026-06-23T05:30:28.467959+00:00
hydralauncher,hydra,https://github.com/hydralauncher/hydra,main,github_search_api:typescript_active:p2,stratum: active TypeScript OSS (stars>800),2026-06-23T05:30:28.467986+00:00
iOfficeAI,AionUi,https://github.com/iOfficeAI/AionUi,main,github_search_api:typescript_active:p2,stratum: active TypeScript OSS (stars>800),2026-06-23T05:30:28.468030+00:00
preset-io,agor,https://github.com/preset-io/agor,main,github_search_api:typescript_active:p3,stratum: active TypeScript OSS (stars>800),2026-06-23T05:30:33.295797+00:00
skillrecordings,egghead-next,https://github.com/skillrecordings/egghead-next,main,github_search_api:typescript_active:p2,stratum: active TypeScript OSS (stars>800),2026-06-23T05:30:28.467921+00:00
faastjs,faast.js,https://github.com/faastjs/faast.js,master,github_search_api:typescript_active:p2,stratum: active TypeScript OSS (stars>800),2026-06-23T05:30:28.467902+00:00
Effect-TS,effect,https://github.com/Effect-TS/effect,main,github_search_api:typescript_active:p1,stratum: active TypeScript OSS (stars>800),2026-06-23T05:29:53.613204+00:00
stablyai,orca,https://github.com/stablyai/orca,main,github_search_api:typescript_active:p1,stratum: active TypeScript OSS (stars>800),2026-06-23T05:29:53.613055+00:00
cweijan,vscode-office,https://github.com/cweijan/vscode-office,main,github_search_api:typescript_active:p3,stratum: active TypeScript OSS (stars>800),2026-06-23T05:30:33.295726+00:00
pockethost,pockethost,https://github.com/pockethost/pockethost,main,github_search_api:typescript_active:p3,stratum: active TypeScript OSS (stars>800),2026-06-23T05:30:33.295789+00:00
KittyCAD,modeling-app,https://github.com/KittyCAD/modeling-app,main,github_search_api:typescript_active:p3,stratum: active TypeScript OSS (stars>800),2026-06-23T05:30:33.295627+00:00
appsmithorg,appsmith,https://github.com/appsmithorg/appsmith,release,github_search_api:typescript_active:p3,stratum: active TypeScript OSS (stars>800),2026-06-23T05:30:33.295756+00:00
manaflow-ai,manaflow,https://github.com/manaflow-ai/manaflow,main,github_search_api:typescript_active:p2,stratum: active TypeScript OSS (stars>800),2026-06-23T05:30:28.467839+00:00
Nano-Collective,nanocoder,https://github.com/Nano-Collective/nanocoder,main,github_search_api:typescript_active:p3,stratum: active TypeScript OSS (stars>800),2026-06-23T05:30:33.295775+00:00
leaferjs,leafer-ui,https://github.com/leaferjs/leafer-ui,main,github_search_api:typescript_active:p2,stratum: active TypeScript OSS (stars>800),2026-06-23T05:30:28.467878+00:00
aws,aws-sdk-js-v3,https://github.com/aws/aws-sdk-js-v3,main,github_search_api:typescript_active:p3,stratum: active TypeScript OSS (stars>800),2026-06-23T05:30:33.295802+00:00
MetaMask,eth-phishing-detect,https://github.com/MetaMask/eth-phishing-detect,main,github_search_api:typescript_active:p1,stratum: active TypeScript OSS (stars>800),2026-06-23T05:29:53.613079+00:00
CherryHQ,cherry-studio,https://github.com/CherryHQ/cherry-studio,main,github_search_api:typescript_active:p1,stratum: active TypeScript OSS (stars>800),2026-06-23T05:29:53.613134+00:00
chenglou,pretext,https://github.com/chenglou/pretext,main,github_search_api:typescript_active:p1,stratum: active TypeScript OSS (stars>800),2026-06-23T05:29:53.613224+00:00
RunMaestro,Maestro,https://github.com/RunMaestro/Maestro,main,github_search_api:typescript_active:p3,stratum: active TypeScript OSS (stars>800),2026-06-23T05:30:33.295601+00:00
iamolegga,nestjs-pino,https://github.com/iamolegga/nestjs-pino,master,github_search_api:typescript_active:p3,stratum: active TypeScript OSS (stars>800),2026-06-23T05:30:33.295767+00:00
apify,apify-mcp-server,https://github.com/apify/apify-mcp-server,master,github_search_api:typescript_active:p1,stratum: active TypeScript OSS (stars>800),2026-06-23T05:29:53.613103+00:00
pubkey,rxdb,https://github.com/pubkey/rxdb,master,github_search_api:typescript_active:p2,stratum: active TypeScript OSS (stars>800),2026-06-23T05:30:28.467881+00:00
stegripe,rawon,https://github.com/stegripe/rawon,main,github_search_api:typescript_active:p2,stratum: active TypeScript OSS (stars>800),2026-06-23T05:30:28.467930+00:00
vitejs,vite,https://github.com/vitejs/vite,main,github_search_api:typescript_active:p3,stratum: active TypeScript OSS (stars>800),2026-06-23T05:30:33.295815+00:00
honojs,hono,https://github.com/honojs/hono,main,github_search_api:typescript_active:p3,stratum: active TypeScript OSS (stars>800),2026-06-23T05:30:33.295693+00:00
microsoft,fast,https://github.com/microsoft/fast,main,github_search_api:typescript_active:p3,stratum: active TypeScript OSS (stars>800),2026-06-23T05:30:33.295800+00:00
hAcKlyc,MyAgents,https://github.com/hAcKlyc/MyAgents,main,github_search_api:typescript_active:p3,stratum: active TypeScript OSS (stars>800),2026-06-23T05:30:33.295764+00:00
backnotprop,plannotator,https://github.com/backnotprop/plannotator,main,github_search_api:typescript_active:p2,stratum: active TypeScript OSS (stars>800),2026-06-23T05:30:28.468008+00:00
Gitlawb,openclaude,https://github.com/Gitlawb/openclaude,main,github_search_api:typescript_active:p2,stratum: active TypeScript OSS (stars>800),2026-06-23T05:30:28.467869+00:00
sunflower-land,sunflower-land,https://github.com/sunflower-land/sunflower-land,main,github_search_api:typescript_active:p1,stratum: active TypeScript OSS (stars>800),2026-06-23T05:29:53.613099+00:00
novuhq,novu,https://github.com/novuhq/novu,next,github_search_api:typescript_active:p1,stratum: active TypeScript OSS (stars>800),2026-06-23T05:29:53.613252+00:00
x-extends,vxe-table,https://github.com/x-extends/vxe-table,main,github_search_api:typescript_active:p2,stratum: active TypeScript OSS (stars>800),2026-06-23T05:30:28.468024+00:00
openchamber,openchamber,https://github.com/openchamber/openchamber,main,github_search_api:typescript_active:p2,stratum: active TypeScript OSS (stars>800),2026-06-23T05:30:28.468098+00:00
bluesky-social,social-app,https://github.com/bluesky-social/social-app,main,github_search_api:typescript_active:p3,stratum: active TypeScript OSS (stars>800),2026-06-23T05:30:33.295609+00:00
DimensionDev,Maskbook,https://github.com/DimensionDev/Maskbook,develop,github_search_api:typescript_active:p3,stratum: active TypeScript OSS (stars>800),2026-06-23T05:30:33.295826+00:00
