repo_id,spectrum_group,family_id,family_label,anchor_path,observation_span_years,n_anchor_updates,update_frequency_per_year,n_repo_wide_code_events,co_change_rate,sync_7,sync_30,median_update_lag_days_30,present_in_head,mature_present_180,maintained_180,lifecycle_persistence_rate,follow_up_days,days_since_last_touch,scope_mode,notes
cheat/cheat,instructions,claude_md,CLAUDE.md,CLAUDE.md,12.552,4,0.3187,859,0.004656577415599534,0.02677532013969732,0.02677532013969732,0.31724537037037037,True,False,True,,1,0,repo_wide,
cheat/cheat,configuration,go_mod,go.mod,go.mod,12.552,38,3.0275,859,0.04423748544819558,0.1408614668218859,0.21536670547147846,0.8676851851851852,True,True,True,1.0,2310,0,repo_wide,
cheat/cheat,documentation,readme,README.md,README.md,12.552,74,5.8956,859,0.03143189755529686,0.39930151338766007,0.5215366705471478,2.378460648148148,True,True,True,1.0,4583,0,repo_wide,
cheat/cheat,documentation,contributing,CONTRIBUTING.md,CONTRIBUTING.md,12.552,10,0.7967,859,0.006984866123399301,0.06053550640279395,0.07334109429569266,0.7529398148148149,True,True,True,1.0,4284,0,repo_wide,
electron/electron,instructions,claude_md,CLAUDE.md,CLAUDE.md,13.243,7,0.5286,25611,0.0001952286127054781,0.008004373120924602,0.018351489594314943,9.379623842592594,True,False,True,,173,59,repo_wide,
electron/electron,configuration,package_json,package.json,package.json,13.243,1918,144.8311,25510,0.07114856918855351,0.7076048608388867,0.9031360250882007,1.8589351851851852,True,True,True,1.0,4805,4,repo_wide,
electron/electron,documentation,readme,README.md,README.md,13.243,163,12.3084,25613,0.001483621598407059,0.2391363760590325,0.5734978331316128,9.149386574074073,True,True,False,0.0,4807,212,repo_wide,
electron/electron,documentation,contributing,CONTRIBUTING.md,CONTRIBUTING.md,13.243,36,2.7184,25613,0.0004685120837074923,0.06645063053917932,0.2221918556982782,13.138726851851851,True,True,True,1.0,4040,58,repo_wide,
electron/electron,documentation,docs_index,docs index page,docs/README.md,13.243,172,12.988,25613,0.004802248858001796,0.23980010151095146,0.5745519853199547,8.976423611111112,True,True,False,0.0,4682,377,repo_wide,
dagster-io/dagster,instructions,claude_md,CLAUDE.md,CLAUDE.md,8.129,20,2.4603,27406,0.0006567904838356564,0.020251039918266073,0.04878493760490404,11.134467592592593,True,True,True,1.0,325,48,repo_wide,
dagster-io/dagster,instructions,agents_md,AGENTS.md,docs/AGENTS.md,8.129,2,0.246,27407,3.648702886123983e-05,0.005655489473492174,0.029481519319881782,17.168234953703703,False,False,False,,363,325,repo_wide,
dagster-io/dagster,instructions,cursor_rules,Cursor rules,examples/docs_snippets/docs_snippets_tests/snippet_checks/guides/.cursor/rules/snippet_tests.mdc,8.129,1,0.123,27408,3.648569760653824e-05,0.00394045534150613,0.016236135434909517,16.07707175925926,True,True,False,0.0,349,349,repo_wide,
dagster-io/dagster,configuration,github_workflows,GitHub Actions workflows,examples/assets_dbt_python/.github/workflows/examples/branch_deployments.yml,8.129,5,0.6151,27408,0.00018242848803269119,0.011310566258026853,0.03221687098657326,12.861400462962964,True,True,True,1.0,672,67,repo_wide,
dagster-io/dagster,configuration,package_json,package.json,js_modules/dagit/packages/core/package.json,8.129,88,10.8253,27408,0.003210741389375365,0.11503940455341506,0.24346906012842964,7.284375,False,False,False,,1905,1048,repo_wide,
dagster-io/dagster,configuration,pyproject_toml,pyproject.toml,pyproject.toml,8.129,122,15.0078,27399,0.004124238110879959,0.22584765867367423,0.5716996970692361,10.214056712962963,True,True,True,1.0,2713,7,repo_wide,
dagster-io/dagster,documentation,readme,README.md,README.md,8.129,54,6.6428,27408,0.0008026853473438412,0.07519702276707531,0.2001970227670753,10.993263888888889,True,True,False,0.0,2947,1386,repo_wide,
dagster-io/dagster,documentation,contributing,CONTRIBUTING.md,CONTRIBUTING.md,8.129,5,0.6151,27408,0.00010945709281961471,0.014046993578517221,0.043965265615878574,12.969189814814815,False,False,False,,2007,1103,repo_wide,
dagster-io/dagster,documentation,docs_index,docs index page,docs/README.md,8.129,62,7.6269,27408,0.001532399299474606,0.13579976649153533,0.383136310566258,11.262627314814814,True,True,True,1.0,2315,48,repo_wide,
apache/airflow,instructions,claude_md,CLAUDE.md,CLAUDE.md,11.679,1,0.0856,37018,0.0,0.0038899994597222974,0.016370414392998002,14.537847222222222,True,False,True,,105,105,repo_wide,
apache/airflow,instructions,agents_md,AGENTS.md,AGENTS.md,11.679,48,4.1099,36996,0.0006757487295923883,0.08722564601578549,0.17880311385014597,7.314837962962963,True,True,True,1.0,360,0,repo_wide,
apache/airflow,configuration,github_workflows,GitHub Actions workflows,github/.github/workflows/label.yml,11.679,2,0.1712,37019,5.402631081336611e-05,0.0020259866555012293,0.006402117831383884,13.991041666666666,False,False,False,,2350,2350,repo_wide,
apache/airflow,configuration,package_json,package.json,airflow-core/src/airflow/api_fastapi/auth/managers/simple/ui/package.json,11.679,107,9.1616,37018,0.002863471824517802,0.20919552650062131,0.2841050299854125,3.3314583333333334,True,True,True,1.0,447,3,repo_wide,
apache/airflow,configuration,pyproject_toml,pyproject.toml,pyproject.toml,11.679,703,60.1925,36925,0.016492890995260665,0.4720379146919431,0.6131347325660121,1.8441203703703704,True,True,True,1.0,2116,2,repo_wide,
apache/airflow,configuration,go_mod,go.mod,go-sdk/go.mod,11.679,17,1.4556,37018,0.00043222216219136636,0.05248797882111405,0.16516289372737586,11.475162037037038,True,True,True,1.0,384,3,repo_wide,
apache/airflow,documentation,readme,README.md,README.md,11.679,819,70.1247,37019,0.00742861773683784,0.6545017423485238,0.9779842783435533,4.24599537037037,True,True,True,1.0,4265,3,repo_wide,
apache/airflow,documentation,contributing,CONTRIBUTING.md,CONTRIBUTING.md,11.679,93,7.9629,37019,0.0015937761689943002,0.048974850752316376,0.1050541613765904,7.906168981481481,False,False,False,,4113,2282,repo_wide,
apache/airflow,documentation,docs_index,docs index page,docs/README.md,11.679,14,1.1987,37019,0.00021610524325346443,0.04538210108322753,0.16618493206191415,14.199901620370369,True,True,True,1.0,435,70,repo_wide,
BerriAI/litellm,instructions,claude_md,CLAUDE.md,CLAUDE.md,2.877,31,10.7761,33078,0.0007255577725376383,0.15638793155571679,0.2704516597134047,5.712175925925926,True,True,True,1.0,350,5,repo_wide,
BerriAI/litellm,instructions,agents_md,AGENTS.md,AGENTS.md,2.877,22,7.6476,33082,0.0005743304516051024,0.12565745722749533,0.30992684843721663,9.001099537037037,True,True,True,1.0,369,12,repo_wide,
BerriAI/litellm,configuration,package_json,package.json,package.json,2.877,15,5.2143,33084,0.0004231652762664732,0.12156933865312537,0.3120541651553621,9.874710648148149,True,True,True,1.0,804,36,repo_wide,
BerriAI/litellm,configuration,pyproject_toml,pyproject.toml,pyproject.toml,2.877,1929,670.5532,31908,0.02356775730224395,0.9952989845806695,0.999529898458067,0.2686226851851852,True,True,True,1.0,1044,0,repo_wide,
BerriAI/litellm,configuration,go_mod,go.mod,cookbook/gollem_go_agent_framework/go.mod,2.877,3,1.0429,33084,6.045218232378189e-05,0.024392455567645993,0.08696046427276025,15.046469907407408,True,False,True,,109,13,repo_wide,
BerriAI/litellm,documentation,readme,README.md,README.md,2.877,406,141.1325,33085,0.0016926099440834215,0.6637146743237117,0.9347740667976424,3.7268171296296297,True,True,True,1.0,1050,5,repo_wide,
BerriAI/litellm,documentation,contributing,CONTRIBUTING.md,CONTRIBUTING.md,2.877,9,3.1286,33085,0.00024180142058334594,0.06507480731449297,0.21601934411364668,14.051412037037037,True,True,True,1.0,369,0,repo_wide,
BerriAI/litellm,documentation,docs_index,docs index page,docs/index.md,2.877,5,1.7381,33084,0.00012090436464756378,0.00831217506952001,0.00831217506952001,1.8355902777777777,False,False,False,,1047,1033,repo_wide,
payloadcms/payload,instructions,claude_md,CLAUDE.md,CLAUDE.md,8.16,17,2.0832,13756,0.0009450421634195987,0.03547542890375109,0.08767083454492584,9.97597800925926,True,True,True,1.0,278,32,repo_wide,
payloadcms/payload,instructions,agents_md,AGENTS.md,AGENTS.md,8.16,3,0.3676,13759,0.0001453594011192674,0.007994767061559707,0.03873828039828476,16.084016203703705,True,True,True,1.0,278,125,repo_wide,
payloadcms/payload,instructions,cursor_rules,Cursor rules,templates/blank/.cursor/rules/adapters.md,8.16,3,0.3676,13760,0.00021802325581395349,0.007340116279069767,0.023619186046511628,13.018148148148148,False,False,False,,225,55,repo_wide,
payloadcms/payload,configuration,github_workflows,GitHub Actions workflows,packages/plugin-sentry/.github/workflows/main.yml,8.16,5,0.6127,13760,0.0003633720930232558,0.007558139534883721,0.05465116279069768,21.040671296296296,False,False,False,,1086,946,repo_wide,
payloadcms/payload,configuration,package_json,package.json,package.json,8.16,1848,226.4576,13025,0.0854510556621881,0.9461036468330134,0.9894049904030711,0.602650462962963,True,True,True,1.0,2980,4,repo_wide,
payloadcms/payload,documentation,readme,README.md,README.md,8.16,111,13.6022,13760,0.002543604651162791,0.20712209302325582,0.4097383720930233,6.925925925925926,True,True,False,0.0,2973,231,repo_wide,
payloadcms/payload,documentation,contributing,CONTRIBUTING.md,CONTRIBUTING.md,8.16,19,2.3283,13760,0.0010174418604651163,0.049636627906976746,0.2116279069767442,14.925677083333333,True,True,True,1.0,1043,23,repo_wide,
prefecthq/prefect,instructions,agents_md,AGENTS.md,AGENTS.md,4.913,13,2.6462,17791,0.0006744983418582429,0.02529368781968411,0.09010173683323028,12.98755787037037,True,True,True,1.0,357,48,repo_wide,
prefecthq/prefect,configuration,github_workflows,GitHub Actions workflows,orion-ui/.github/workflows/playwright.yml,4.913,2,0.4071,17792,0.00011241007194244605,0.02006519784172662,0.05940872302158273,11.117210648148149,False,False,False,,1408,1406,repo_wide,
prefecthq/prefect,configuration,package_json,package.json,ui/package.json,4.913,744,151.4434,17792,0.041816546762589925,0.3288556654676259,0.42580935251798563,2.0885706018518517,True,True,True,1.0,1735,35,repo_wide,
prefecthq/prefect,configuration,pyproject_toml,pyproject.toml,pyproject.toml,4.913,127,25.8512,17784,0.006691408007197481,0.14192532613585246,0.17785650022492128,2.060011574074074,True,True,True,1.0,477,8,repo_wide,
prefecthq/prefect,documentation,readme,README.md,README.md,4.913,89,18.1162,17792,0.0014051258992805755,0.28923111510791366,0.6939635791366906,9.42332175925926,True,True,True,1.0,1794,135,repo_wide,
prefecthq/prefect,documentation,contributing,CONTRIBUTING.md,github/CONTRIBUTING.md,4.913,2,0.4071,17792,0.00011241007194244605,0.004721223021582734,0.02399955035971223,16.127164351851853,True,True,False,0.0,1083,467,repo_wide,
prefecthq/prefect,documentation,docs_index,docs index page,docs/README.md,4.913,2,0.4071,17792,0.00011241007194244605,0.009273830935251798,0.031081384892086332,12.750451388888889,False,False,False,,742,722,repo_wide,
grafana/grafana,instructions,claude_md,CLAUDE.md,CLAUDE.md,13.373,1,0.0748,63841,1.566391503892483e-05,0.004840149747027772,0.018076157954919254,14.60300925925926,True,False,True,,85,85,repo_wide,
grafana/grafana,instructions,agents_md,AGENTS.md,AGENTS.md,13.373,7,0.5234,63839,7.832202885383543e-05,0.024530459437021257,0.07036451072228575,12.414548611111112,True,True,True,1.0,252,29,repo_wide,
grafana/grafana,configuration,package_json,package.json,package.json,13.373,3354,250.8004,63643,0.04958911427808243,0.8951966437785773,0.9868328017221061,0.9288194444444444,True,True,True,1.0,4708,0,repo_wide,
grafana/grafana,configuration,go_mod,go.mod,go.mod,13.373,1509,112.8378,63818,0.023284966623836535,0.7004450155128648,0.7508853301576358,0.9156365740740741,True,True,True,1.0,2613,0,repo_wide,
grafana/grafana,documentation,readme,README.md,README.md,13.373,217,16.2265,63841,0.0010808101376858132,0.1213796776366285,0.3298820507197569,10.726157407407408,True,True,False,0.0,4884,224,repo_wide,
grafana/grafana,documentation,contributing,CONTRIBUTING.md,CONTRIBUTING.md,13.373,61,4.5614,63841,0.00040726179101204554,0.06726085117714321,0.22999326451653326,13.091678240740741,True,True,True,1.0,4705,3,repo_wide,
grafana/grafana,documentation,docs_index,docs index page,docs/README.md,13.373,40,2.9911,63841,0.0003602700458952711,0.048871414921445464,0.16796416096239095,12.94724537037037,True,True,False,0.0,4108,462,repo_wide,
All-Hands-AI/OpenHands,instructions,agents_md,AGENTS.md,AGENTS.md,2.247,18,8.012,6643,0.0022580159566460934,0.07541773295197952,0.14707210597621556,6.875497685185185,True,True,True,1.0,530,18,repo_wide,
All-Hands-AI/OpenHands,configuration,package_json,package.json,package.json,2.247,4,1.7804,6646,0.0006018657839301836,0.02934095696659645,0.1117965693650316,13.670844907407407,False,False,False,,595,498,repo_wide,
All-Hands-AI/OpenHands,configuration,pyproject_toml,pyproject.toml,pyproject.toml,2.247,510,227.0058,6640,0.07590361445783132,0.9754518072289157,1.0,0.8804456018518518,True,True,True,1.0,797,0,repo_wide,
All-Hands-AI/OpenHands,documentation,readme,README.md,README.md,2.247,256,113.948,6646,0.023924164911224798,0.7764068612699369,0.9199518507372856,2.119641203703704,True,True,True,1.0,820,68,repo_wide,
All-Hands-AI/OpenHands,documentation,contributing,CONTRIBUTING.md,CONTRIBUTING.md,2.247,34,15.1337,6646,0.00255792958170328,0.22600060186578394,0.6211254890159494,10.694421296296298,True,True,True,1.0,810,47,repo_wide,
All-Hands-AI/OpenHands,documentation,docs_index,docs index page,docs/README.md,2.247,11,4.8962,6646,0.0016551309058080049,0.08080048149262714,0.2419500451399338,11.171435185185185,False,False,False,,773,246,repo_wide,
ChromeDevTools/chrome-devtools-mcp,instructions,agents_md,AGENTS.md,AGENTS.md,0.748,1,1.3377,860,0.0011627906976744186,0.047674418604651166,0.1127906976744186,12.09755787037037,True,False,True,,148,48,repo_wide,
ChromeDevTools/chrome-devtools-mcp,configuration,package_json,package.json,package.json,0.748,250,334.4126,853,0.28487690504103164,0.9953106682297772,1.0,0.09914351851851852,True,True,True,1.0,273,0,repo_wide,
ChromeDevTools/chrome-devtools-mcp,documentation,readme,README.md,README.md,0.748,130,173.8946,860,0.07906976744186046,0.9395348837209302,0.9988372093023256,0.8907060185185185,True,True,True,1.0,273,1,repo_wide,
ChromeDevTools/chrome-devtools-mcp,documentation,contributing,CONTRIBUTING.md,CONTRIBUTING.md,0.748,13,17.3895,860,0.00813953488372093,0.2627906976744186,0.4930232558139535,6.625376157407407,True,True,True,1.0,273,64,repo_wide,
anthropics/claude-code,documentation,readme,README.md,README.md,1.296,16,12.3418,198,0.015151515151515152,0.16666666666666666,0.494949494949495,9.387077546296297,True,True,True,1.0,473,149,repo_wide,
Egonex-AI/Understand-Anything,instructions,claude_md,CLAUDE.md,CLAUDE.md,0.24,13,54.2545,458,0.021834061135371178,0.5655021834061136,0.9650655021834061,6.080202546296296,True,False,True,,87,16,repo_wide,
Egonex-AI/Understand-Anything,configuration,package_json,package.json,package.json,0.24,9,37.5608,461,0.019522776572668113,0.3600867678958785,0.631236442516269,5.500104166666667,True,False,True,,87,0,repo_wide,
Egonex-AI/Understand-Anything,documentation,readme,README.md,README.md,0.24,56,233.7115,461,0.10845986984815618,0.9891540130151844,1.0,0.6751273148148148,True,False,True,,87,0,repo_wide,
Egonex-AI/Understand-Anything,documentation,contributing,CONTRIBUTING.md,CONTRIBUTING.md,0.24,2,8.3468,461,0.004338394793926247,0.13449023861171366,0.5336225596529284,8.915700231481482,True,False,True,,78,61,repo_wide,
astral-sh/ruff,instructions,claude_md,CLAUDE.md,CLAUDE.md,3.838,12,3.1263,15179,0.00026352197114434415,0.051650306344291456,0.08656696752091705,5.102465277777778,True,False,True,,156,94,repo_wide,
astral-sh/ruff,instructions,agents_md,AGENTS.md,AGENTS.md,3.838,14,3.6473,15178,0.0003294241665568586,0.04256160231914613,0.09045987613651338,7.828599537037037,True,False,True,,156,2,repo_wide,
astral-sh/ruff,configuration,package_json,package.json,playground/api/package.json,3.838,56,14.5892,15187,0.003687364193059854,0.22427075788503326,0.36998748930005926,5.917175925925926,True,True,True,1.0,1035,49,repo_wide,
astral-sh/ruff,configuration,pyproject_toml,pyproject.toml,pyproject.toml,3.838,326,84.9302,15155,0.019399538106235566,0.8752226987792807,0.9918178818871659,2.595196759259259,True,True,True,1.0,1400,0,repo_wide,
astral-sh/ruff,documentation,readme,README.md,README.md,3.838,1308,340.7628,15187,0.06894054125238691,0.9352735892539672,1.0,1.79625,True,True,True,1.0,1401,0,repo_wide,
astral-sh/ruff,documentation,contributing,CONTRIBUTING.md,CONTRIBUTING.md,3.838,150,39.0783,15187,0.004675051030486601,0.43352867584117993,0.8242575887272009,6.42001736111111,True,True,True,1.0,1350,14,repo_wide,
HKUDS/CLI-Anything,configuration,package_json,package.json,sketch/agent-harness/package.json,0.26,1,3.849,590,0.001694915254237288,0.12203389830508475,0.2305084745762712,6.176886574074074,True,False,True,,80,80,repo_wide,
HKUDS/CLI-Anything,configuration,pyproject_toml,pyproject.toml,n8n/agent-harness/pyproject.toml,0.26,2,7.698,590,0.003389830508474576,0.06779661016949153,0.42542372881355933,15.362037037037037,True,False,True,,65,65,repo_wide,
HKUDS/CLI-Anything,documentation,readme,README.md,README.md,0.26,167,642.7858,590,0.22033898305084745,0.9898305084745763,0.9983050847457627,0.24041666666666667,True,False,True,,94,0,repo_wide,
HKUDS/CLI-Anything,documentation,contributing,CONTRIBUTING.md,CONTRIBUTING.md,0.26,5,19.2451,590,0.006779661016949152,0.24915254237288137,0.5508474576271186,7.813032407407407,True,False,True,,86,54,repo_wide,
biomejs/biome,instructions,claude_md,CLAUDE.md,CLAUDE.md,6.284,3,0.4774,9527,0.0003148945103390364,0.011336202372205312,0.03505825548441272,13.737771990740741,True,True,False,0.0,313,226,repo_wide,
biomejs/biome,instructions,agents_md,AGENTS.md,AGENTS.md,6.284,7,1.1139,9525,0.0005249343832020997,0.03307086614173228,0.09385826771653544,10.435815972222223,True,True,True,1.0,226,32,repo_wide,
biomejs/biome,configuration,package_json,package.json,package.json,6.284,232,36.9164,9448,0.01619390347163421,0.46316680779000846,0.7286198137171889,5.526371527777778,True,True,True,1.0,2295,1,repo_wide,
biomejs/biome,documentation,readme,README.md,README.md,6.284,58,9.2291,9527,0.0030439802666106853,0.08229243203526819,0.184633147895455,8.287395833333333,True,True,False,0.0,2295,1022,repo_wide,
biomejs/biome,documentation,contributing,CONTRIBUTING.md,CONTRIBUTING.md,6.284,185,29.4377,9527,0.011651096882544348,0.4110423008292222,0.8116930828172563,6.902106481481481,True,True,True,1.0,2188,19,repo_wide,
Hmbown/CodeWhale,instructions,agents_md,AGENTS.md,AGENTS.md,0.388,25,64.4725,2125,0.00988235294117647,0.7105882352941176,0.8729411764705882,2.2074421296296296,True,False,True,,140,6,repo_wide,
Hmbown/CodeWhale,configuration,package_json,package.json,package.json,0.388,4,10.3156,2129,0.0018788163457022077,0.10662282761860029,0.5993424142790043,17.986116898148147,True,False,True,,112,15,repo_wide,
Hmbown/CodeWhale,configuration,pyproject_toml,pyproject.toml,pyproject.toml,0.388,2,5.1578,2129,0.0009394081728511038,0.0009394081728511038,0.0009394081728511038,0.0,False,False,False,,141,141,repo_wide,
Hmbown/CodeWhale,documentation,readme,README.md,README.md,0.388,218,562.2006,2129,0.0868952559887271,0.9981211836542978,1.0,0.13355324074074074,True,False,True,,141,0,repo_wide,
Hmbown/CodeWhale,documentation,contributing,CONTRIBUTING.md,CONTRIBUTING.md,0.388,19,48.9991,2129,0.007984969469234382,0.773602630342884,0.8454673555659934,2.4625810185185184,True,False,True,,141,7,repo_wide,
Hmbown/CodeWhale,documentation,docs_index,docs index page,docs/README.md,0.388,2,5.1578,2129,0.0009394081728511038,0.0009394081728511038,0.0009394081728511038,0.0,False,False,False,,141,141,repo_wide,
browser-use/browser-use,instructions,claude_md,CLAUDE.md,CLAUDE.md,1.607,7,4.3564,6488,0.0007706535141800247,0.13717632552404438,0.31165228113440197,10.126365740740741,True,True,False,0.0,380,282,repo_wide,
browser-use/browser-use,instructions,agents_md,AGENTS.md,AGENTS.md,1.607,13,8.0904,6485,0.001233616037008481,0.05397070161912105,0.16530454895913646,11.43099537037037,True,True,True,1.0,234,18,repo_wide,
browser-use/browser-use,configuration,pyproject_toml,pyproject.toml,pyproject.toml,1.607,419,260.761,6269,0.03158398468655288,0.9711277715744138,0.9988833944807785,0.6980902777777778,True,True,True,1.0,586,0,repo_wide,
browser-use/browser-use,documentation,readme,README.md,README.md,1.607,232,144.3832,6490,0.01140215716486903,0.7177195685670262,0.986748844375963,2.940914351851852,True,True,True,1.0,586,0,repo_wide,
browser-use/browser-use,documentation,contributing,CONTRIBUTING.md,CONTRIBUTING.md,1.607,2,1.2447,6490,0.0,0.01201848998459168,0.04930662557781202,11.249849537037036,False,False,False,,393,392,repo_wide,
browser-use/browser-use,documentation,docs_index,docs index page,docs/README.md,1.607,2,1.2447,6490,0.0003081664098613251,0.012326656394453005,0.04915254237288136,13.493125,False,False,False,,503,93,repo_wide,
JuliusBrussee/caveman,instructions,claude_md,CLAUDE.md,CLAUDE.md,0.126,13,103.1592,114,0.09649122807017543,0.9210526315789473,0.9473684210526315,1.8354282407407407,True,False,True,,39,9,repo_wide,
JuliusBrussee/caveman,instructions,agents_md,AGENTS.md,AGENTS.md,0.126,3,23.806,116,0.02586206896551724,0.5344827586206896,0.8879310344827587,5.612615740740741,True,False,True,,39,9,repo_wide,
JuliusBrussee/caveman,configuration,package_json,package.json,package.json,0.126,2,15.8706,116,0.017241379310344827,0.07758620689655173,0.47413793103448276,25.219525462962963,True,False,True,,9,9,repo_wide,
JuliusBrussee/caveman,documentation,readme,README.md,README.md,0.126,59,468.1839,116,0.3017241379310345,0.9741379310344828,1.0,0.006053240740740741,True,False,True,,46,0,repo_wide,
JuliusBrussee/caveman,documentation,contributing,CONTRIBUTING.md,CONTRIBUTING.md,0.126,8,63.4826,116,0.05172413793103448,0.7758620689655172,0.9482758620689655,3.078315972222222,True,False,True,,44,9,repo_wide,
JuliusBrussee/caveman,documentation,docs_index,docs index page,docs/index.html,0.126,2,15.8706,115,0.008695652173913044,0.11304347826086956,0.3739130434782609,9.928136574074074,True,False,True,,44,0,repo_wide,
chroma-core/chroma,instructions,claude_md,CLAUDE.md,CLAUDE.md,3.68,3,0.8152,4257,0.0007047216349541931,0.01949729856706601,0.04886070002349072,8.626961805555556,True,False,True,,39,5,repo_wide,
chroma-core/chroma,instructions,agents_md,AGENTS.md,AGENTS.md,3.68,1,0.2717,4257,0.0002349072116513977,0.00822175240779892,0.02443035001174536,15.791828703703704,True,False,True,,39,39,repo_wide,
chroma-core/chroma,configuration,package_json,package.json,clients/js/package.json,3.68,85,23.096,4230,0.013711583924349883,0.26879432624113475,0.5040189125295508,6.481614583333333,True,True,True,1.0,1211,86,repo_wide,
chroma-core/chroma,configuration,pyproject_toml,pyproject.toml,pyproject.toml,3.68,83,22.5526,4245,0.016725559481743226,0.2777385159010601,0.6237926972909305,8.158784722222222,True,True,True,1.0,1318,99,repo_wide,
chroma-core/chroma,configuration,go_mod,go.mod,go/go.mod,3.68,14,3.804,4257,0.003288700963119568,0.07329105003523609,0.2024900164435048,9.898969907407407,True,True,False,0.0,835,225,repo_wide,
chroma-core/chroma,documentation,readme,README.md,README.md,3.68,57,15.4879,4257,0.0037585153864223633,0.16795865633074936,0.40568475452196384,8.474085648148149,True,True,True,1.0,1344,84,repo_wide,
Leonxlnx/taste-skill,documentation,readme,README.md,README.md,0.301,55,182.7377,66,0.3787878787878788,0.9696969696969697,0.9848484848484849,0.026909722222222224,True,False,True,,109,0,repo_wide,
crewAIInc/crewAI,instructions,agents_md,AGENTS.md,lib/crewai/src/crewai/cli/templates/AGENTS.md,2.624,5,1.9052,2320,0.0017241379310344827,0.04741379310344827,0.17801724137931035,12.267094907407408,False,False,False,,118,34,repo_wide,
crewAIInc/crewAI,configuration,pyproject_toml,pyproject.toml,pyproject.toml,2.624,322,122.6963,2266,0.117828773168579,0.8336275375110327,0.9757281553398058,1.3222800925925926,True,True,True,1.0,955,2,repo_wide,
crewAIInc/crewAI,documentation,readme,README.md,README.md,2.624,125,47.6306,2321,0.01938819474364498,0.33476949590693666,0.7462300732442912,8.02208912037037,True,True,True,1.0,958,51,repo_wide,
crewAIInc/crewAI,documentation,contributing,CONTRIBUTING.md,github/CONTRIBUTING.md,2.624,1,0.381,2321,0.0,0.016372253339077984,0.04997845756139595,11.506319444444443,True,False,True,,78,78,repo_wide,
crewAIInc/crewAI,documentation,docs_index,docs index page,docs/index.md,2.624,37,14.0986,2312,0.012110726643598616,0.1769031141868512,0.2742214532871972,3.822013888888889,False,False,False,,883,608,repo_wide,
NousResearch/hermes-agent,instructions,agents_md,AGENTS.md,AGENTS.md,0.886,80,90.2799,10370,0.0069431051108968175,0.9336547733847638,0.9837994214079074,1.4968055555555555,True,False,True,,123,0,repo_wide,
NousResearch/hermes-agent,configuration,package_json,package.json,package.json,0.886,11,12.4135,10378,0.001059934476777799,0.40075158990171517,0.9044131817305839,8.357650462962964,True,False,True,,132,7,repo_wide,
NousResearch/hermes-agent,configuration,pyproject_toml,pyproject.toml,pyproject.toml,0.886,163,183.9452,10363,0.014281578693428543,0.9879378558332529,0.9895783074399305,0.49802083333333336,True,True,True,1.0,252,1,repo_wide,
NousResearch/hermes-agent,documentation,readme,README.md,README.md,0.886,128,144.4478,10378,0.009635767970707265,0.9771632299094238,0.9836191944497976,1.3996412037037036,True,True,True,1.0,320,1,repo_wide,
NousResearch/hermes-agent,documentation,contributing,CONTRIBUTING.md,CONTRIBUTING.md,0.886,34,38.3689,10378,0.0026016573520909617,0.7093852380034689,0.9116400077086144,2.7426041666666667,True,False,True,,104,8,repo_wide,
NousResearch/hermes-agent,documentation,docs_index,docs index page,docs/README.md,0.886,2,2.257,10378,0.0001927153594141453,0.051262285604162655,0.07910965503950665,3.49869212962963,False,False,False,,98,94,repo_wide,
e2b-dev/E2B,instructions,claude_md,CLAUDE.md,CLAUDE.md,3.269,5,1.5293,4072,0.0002455795677799607,0.011787819253438114,0.027996070726915522,9.030630787037037,True,False,True,,112,5,repo_wide,
e2b-dev/E2B,instructions,agents_md,AGENTS.md,AGENTS.md,3.269,1,0.3059,4075,0.0,0.0051533742331288344,0.009570552147239264,6.598414351851852,True,False,True,,12,12,repo_wide,
e2b-dev/E2B,configuration,package_json,package.json,package.json,3.269,170,51.9969,4052,0.03603158933859822,0.48149062191510367,0.6433859822309971,1.678460648148148,True,True,True,1.0,1194,5,repo_wide,
e2b-dev/E2B,configuration,pyproject_toml,pyproject.toml,packages/python-sdk/pyproject.toml,3.269,321,98.1824,4073,0.07807512889761846,0.5813896390866683,0.6800883869383747,0.9628993055555556,True,True,True,1.0,1031,0,repo_wide,
e2b-dev/E2B,configuration,go_mod,go.mod,packages/connect-python/go.mod,3.269,1,0.3059,4076,0.0002453385672227674,0.002208047105004907,0.02281648675171737,17.540601851851854,True,True,False,0.0,754,754,repo_wide,
e2b-dev/E2B,documentation,readme,README.md,README.md,3.269,175,53.5262,4076,0.006133464180569185,0.31599607458292445,0.7102551521099116,8.922361111111112,True,True,True,1.0,1194,21,repo_wide,
e2b-dev/E2B,documentation,contributing,CONTRIBUTING.md,CONTRIBUTING.md,3.269,13,3.9762,4076,0.0012266928361138372,0.040235525024533855,0.19332679097154074,15.980555555555554,True,True,False,0.0,1151,1074,repo_wide,
Yeachan-Heo/oh-my-claudecode,instructions,claude_md,CLAUDE.md,CLAUDE.md,0.413,7,16.947,2359,0.002543450614667232,0.2721492157693938,0.8524798643493006,12.606284722222222,True,False,True,,110,14,repo_wide,
Yeachan-Heo/oh-my-claudecode,instructions,agents_md,AGENTS.md,AGENTS.md,0.413,43,104.103,2358,0.017387616624257845,0.556403731976251,0.7061068702290076,2.448935185185185,True,False,True,,150,14,repo_wide,
Yeachan-Heo/oh-my-claudecode,configuration,package_json,package.json,package.json,0.413,304,735.984,2354,0.1265930331350892,1.0,1.0,0.2283101851851852,True,False,True,,150,0,repo_wide,
Yeachan-Heo/oh-my-claudecode,documentation,readme,README.md,README.md,0.413,168,406.728,2360,0.053389830508474574,0.9800847457627119,1.0,0.6814583333333334,True,False,True,,150,0,repo_wide,
Yeachan-Heo/oh-my-claudecode,documentation,contributing,CONTRIBUTING.md,CONTRIBUTING.md,0.413,2,4.842,2360,0.000423728813559322,0.08432203389830509,0.21991525423728814,10.966840277777777,True,False,True,,61,59,repo_wide,
facebook/react,instructions,claude_md,CLAUDE.md,CLAUDE.md,13.036,2,0.1534,18250,0.00010958904109589041,0.0017534246575342466,0.00410958904109589,7.924108796296296,True,False,True,,136,0,repo_wide,
facebook/react,configuration,github_workflows,GitHub Actions workflows,compiler/.github/workflows/ci.yml,13.036,11,0.8438,18247,0.0004384282347783197,0.018742807036773168,0.06209239875047953,13.802534722222223,False,False,False,,1856,1027,repo_wide,
facebook/react,configuration,package_json,package.json,package.json,13.036,768,58.9134,18099,0.03409028123100724,0.6158903806840157,0.9272335488148516,4.064496527777777,True,True,True,1.0,4760,1,repo_wide,
facebook/react,documentation,readme,README.md,README.md,13.036,148,11.3531,18250,0.0017534246575342466,0.16723287671232875,0.448986301369863,10.490474537037038,True,True,False,0.0,4760,681,repo_wide,
facebook/react,documentation,contributing,CONTRIBUTING.md,CONTRIBUTING.md,13.036,28,2.1479,18250,0.0003835616438356164,0.0303013698630137,0.11095890410958904,14.041701388888889,True,True,False,0.0,4760,1346,repo_wide,
facebook/react,documentation,docs_index,docs index page,docs/README.md,13.036,14,1.0739,18250,0.000273972602739726,0.01704109589041096,0.05775342465753425,13.602876157407408,False,False,False,,4760,3169,repo_wide,
